,Tweets,Fecha,urls,medios
146514,"Amo que macri diga ""por lo que trabajamos"", si el infeliz nunca trabajo en su vida",Fri Mar 01 18:37:49 +0000 2019,,False
158713,"#Presimiente
#HayOtroCamino
#1M  

No es un fantasia ganar un buen sueldo, es algo muy justo. Macri te rebajo el sueldo.",Fri Mar 01 23:13:55 +0000 2019,,False
175049,@Andres_Reig Afecta a trabajadores m√°s pobres y a familias contratantes m√°s pobres.El resto ya pagaba y cobraba m√°s.,Sat Mar 02 07:48:39 +0000 2019,,False
178955,"@veroloren Yo tambi√©n pero todo comenz√≥ con CFK, su inflaci√≥n,el cepo y los ""independientes"" que nos quedamos sin trabajo pues sela llevaban",Sat Mar 02 11:37:40 +0000 2019,,False
203727,Etchebest dice ser extorsionado y la verdad es un extorsionador. Trabaj√≥ y se dedic√≥ toda su vida a eso. Ten√≠a 1 of‚Ä¶ https://t.co/XwNCo2ZUXE,Sat Mar 02 22:21:00 +0000 2019,https://twitter.com/i/web/status/1101970687189749760,False
242072,"o sea todo bien con que cobres por tu trabajo, GENIAL, pero un plomero me quer√≠a cobrar 700pe para regular el cosit‚Ä¶ https://t.co/VnPK5st7OP",Sun Mar 03 16:27:59 +0000 2019,https://twitter.com/i/web/status/1102244237817593856,False
383618,"@aacerbi Estamos hace d√©cadas sometidos al robo de la patria contratista,al fraude de la estatizaci√≥n de las deudas‚Ä¶ https://t.co/fTF5mP5M1l",Thu Mar 07 02:34:09 +0000 2019,https://twitter.com/i/web/status/1103483948448079877,False
495272,"macri en la fabrica, los trabajadores no paga sueldos al menos",Sun Mar 10 04:43:08 +0000 2019,,False
549827,"@WingEzker Dif√≠cil que le guste, en ¬®Dinamarca macri tendr√≠a que pagar impuestos. . .",Mon Mar 11 15:07:59 +0000 2019,,False
580231,@LANACION Se acordaron de pagarle el sueldo al empleado de ustedes. Porque es un neoliberal enrolado traicioneramen‚Ä¶ https://t.co/y5KIex2BBb,Tue Mar 12 04:14:44 +0000 2019,https://twitter.com/i/web/status/1105321199482085383,False
680493,Yo s√© que uno por dinero y mejores condiciones laborales puede llegar a hacer cualquier cosa pero ABRAZAR A MACRI mmmm vs desis.,Thu Mar 14 15:02:40 +0000 2019,,False
816955,"Macri dijo que su padre ""era parte de un sistema extorsivo del kirchnerismo en el que para trabajar hab√≠a que pagar‚Ä¶ https://t.co/rz8mesl7wV",Sun Mar 17 22:41:03 +0000 2019,https://twitter.com/i/web/status/1107411551424786438,False
817407,"""Es un delito lo que hizo mi padre, √©l era parte de un sistema extorsivo del kirchnerismo en el que para trabajar h‚Ä¶ https://t.co/j7BhE4veDE",Sun Mar 17 22:54:27 +0000 2019,https://twitter.com/i/web/status/1107414926509903872,True
817583,"ÀÆEs un delito lo que hizo mi padre, √©l era parte de un sistema extorsivo del kirchnerismo en el que para trabajar h‚Ä¶ https://t.co/QBsAFyMd5Y",Sun Mar 17 22:57:10 +0000 2019,https://twitter.com/i/web/status/1107415606377222144,False
823069,"""Es un delito lo que hizo mi padre, √©l era parte de un sistema extorsivo del kirchnerismo en el que para trabajar h‚Ä¶ https://t.co/ODjvffaglo",Mon Mar 18 01:05:05 +0000 2019,https://twitter.com/i/web/status/1107447798709010432,True
824683,"Mauricio Macri en #LaCornisa: ""Mi padre era parte de un sistema extorsivo del kirchnerismo en que para trabajar hab‚Ä¶ https://t.co/p0Ogkbhtb6",Mon Mar 18 01:51:19 +0000 2019,https://twitter.com/i/web/status/1107459434199027713,False
824920,"""Es un delito lo que hizo mi padre, √©l era parte de un sistema extorsivo del kirchnerismo en el que para trabajar h‚Ä¶ https://t.co/PAvKoZueou",Mon Mar 18 01:47:21 +0000 2019,https://twitter.com/i/web/status/1107458435325538304,False
827499,"""√âl (Franco Macri) era parte de un sistema que se vio extorsionado por el kirchnerismo. Es un delito que cada uno s‚Ä¶ https://t.co/1e7fnoZf00",Mon Mar 18 02:58:49 +0000 2019,https://twitter.com/i/web/status/1107476421881020416,False
828890,"Mauricio Macri: ""Mi padre era parte de un sistema extorsivo del kirchnerismo en que para trabajar hab√≠a que pagar.‚Ä¶ https://t.co/MT6oFTD8Oa",Mon Mar 18 03:48:27 +0000 2019,https://twitter.com/i/web/status/1107488911775985664,False
833158,"Macri: ""Mi padre en la √©poca del kirchnerismo para trabajar ten√≠a que pagar"". O sea que Franco era un raro empresar‚Ä¶ https://t.co/OUe7AQTOw3",Mon Mar 18 09:33:07 +0000 2019,https://twitter.com/i/web/status/1107575650603417600,False
833176,"‚ÄúEs un delito lo que hizo mi padre, √©l era parte de un sistema extorsivo del kirchnerismo en el que para trabajar h‚Ä¶ https://t.co/dXv3fjsuGx",Mon Mar 18 09:37:45 +0000 2019,https://twitter.com/i/web/status/1107576817303633921,False
833199,"Las frases de Macri:
‚Äú√âl (Franco Macri) era parte de un sistema que se vio extorsionado por el kirchnerismo. Es un‚Ä¶ https://t.co/OwCBZDKVOY",Mon Mar 18 09:35:53 +0000 2019,https://twitter.com/i/web/status/1107576347503800320,False
836314,"Acabo de leer que Macri declar√≥ que su padre fue extorsionado por el kisnerismo "" para poder trabajar hab√≠a que pag‚Ä¶ https://t.co/D9pHU70xFg",Mon Mar 18 11:26:36 +0000 2019,https://twitter.com/i/web/status/1107604209522888704,False
837111,Mauricio Macri sobre su padre: ‚Äú√âl era parte de un sistema extorsivo del kirchnerismo en el que para trabajar hab√≠a‚Ä¶ https://t.co/k1TBt7irPG,Mon Mar 18 11:47:35 +0000 2019,https://twitter.com/i/web/status/1107609491141550080,False
840177,Mauricio Macri sobre su padre: ‚Äú√âl era parte de un sistema extorsivo del kirchnerismo en el que para trabajar hab√≠a‚Ä¶ https://t.co/YsU2XOokJc,Mon Mar 18 13:05:04 +0000 2019,https://twitter.com/i/web/status/1107628988443344897,False
841563,"Sobre Franco Macri lleg√≥ a decir que era ""parte de un sistema que se vio extorsionado por el kirchnerismo"". Total p‚Ä¶ https://t.co/KJEQf0CFGh",Mon Mar 18 13:32:26 +0000 2019,https://twitter.com/i/web/status/1107635876136435713,False
848220,"""Es un delito lo que hizo mi padre, √©l era parte de un sistema extorsivo del kirchnerismo en el que para trabajar h‚Ä¶ https://t.co/x4HJDrob2m",Mon Mar 18 16:06:35 +0000 2019,https://twitter.com/i/web/status/1107674670860521472,False
848538,"""Es un delito lo que hizo mi padre, √©l era parte de un sistema extorsivo del kirchnerismo en el que para trabajar h‚Ä¶ https://t.co/7VqY89IWzu",Mon Mar 18 16:12:22 +0000 2019,https://twitter.com/i/web/status/1107676125520715776,False
856554,Mauricio Macri sobre su padre: ‚Äú√âl era parte de un sistema extorsivo del kirchnerismo en el que para trabajar hab√≠a‚Ä¶ https://t.co/CtRupN2IFB,Mon Mar 18 19:05:06 +0000 2019,https://twitter.com/i/web/status/1107719592753934336,False
862001,Dice @RLavagna que Macri tiene miles de trolls que pagamos todos nosotros. Soy trol de Macri pero no cobro un centavo,Mon Mar 18 21:14:19 +0000 2019,,False
870353,‚Äú√âl (Franco Macri) era parte de un sistema que se vio extorsionado por el kirchnerismo. Es un delito que cada uno s‚Ä¶ https://t.co/61DLHRSG5k,Tue Mar 19 00:49:33 +0000 2019,https://twitter.com/i/web/status/1107806277214842884,False
891744,Yo que Macri convoc√≥ a Jorge Rial para cualquier cosa. Le pag√≥ un sueldo irrechazable y luego lo expongo.,Tue Mar 19 15:21:51 +0000 2019,,False
932547,"@A24COM , Che mangas de fachos y voceros del r√©gimen, nosotros le pagamos al corrupto y ladr√≥n de Macri y no hace nada x la gran mayor√≠a",Wed Mar 20 14:40:19 +0000 2019,,False
973112,"@severososa @diegobranca @riellodecba @RegaCarlos @Intratables @RobiBaradel Yo tambien trabajo, pago impuestos, me‚Ä¶ https://t.co/nFhU5A8ozM",Thu Mar 21 14:22:51 +0000 2019,https://twitter.com/i/web/status/1108735727590875136,False
2076,@TSiHonduras Es la realidad por el abuso de los sindicatos que solo piden y piden y de paso los malos administradores,Fri Mar 15 21:10:53 +0000 2019,,False
72289,"@NicolasMaduro Nos quitaron las primas y ajustes que nos beneficiaban, que pas√≥ presidente el sueldo est√° desmejorado",Sat Mar 16 19:39:15 +0000 2019,,False
160992,"- Nos vemos ma√±ana?
- Lo que hizo mi padre era un delito, √©l formaba parte de un sistema extorsivo del kirchnerismo.",Sun Mar 17 22:30:10 +0000 2019,,False
161931,"Macri dijo que su padre ""era parte de un sistema extorsivo del kirchnerismo en el que para trabajar hab√≠a que pagar‚Ä¶ https://t.co/rz8mesl7wV",Sun Mar 17 22:41:03 +0000 2019,https://twitter.com/i/web/status/1107411551424786438,False
163177,"""Es un delito lo que hizo mi padre, √©l era parte de un sistema extorsivo del kirchnerismo en el que para trabajar h‚Ä¶ https://t.co/j7BhE4veDE",Sun Mar 17 22:54:27 +0000 2019,https://twitter.com/i/web/status/1107414926509903872,True
163773,"ÀÆEs un delito lo que hizo mi padre, √©l era parte de un sistema extorsivo del kirchnerismo en el que para trabajar h‚Ä¶ https://t.co/QBsAFyMd5Y",Sun Mar 17 22:57:10 +0000 2019,https://twitter.com/i/web/status/1107415606377222144,False
165803,"@Neretvi @Hyspasia es parte del macrismo victimizarse deicendo ""bueno pagamos coimas, pero nos obligaban""",Sun Mar 17 23:24:54 +0000 2019,,False
174752,@plusnoticias @rialjorge SEVEL fue extorsionado por el kirchnerismo ? ü§£,Mon Mar 18 01:32:01 +0000 2019,,False
178762,"""√âl (Franco Macri) era parte de un sistema que se vio extorsionado por el kirchnerismo. Es un delito que cada uno s‚Ä¶ https://t.co/1e7fnoZf00",Mon Mar 18 02:58:49 +0000 2019,https://twitter.com/i/web/status/1107476421881020416,False
178848,"Ja ja Miserable, dijo q hab√≠a un sistema implementado por el kirchnerismo por el cual si no pagabas no trabajabas.‚Ä¶ https://t.co/nIM0DBgUUm",Mon Mar 18 02:58:03 +0000 2019,https://twitter.com/i/web/status/1107476228309692417,False
179150,@santosjorgeh @gmasf1 El Kirchnerismo someti√≥ a todos los empresarios a pagar coimas bajo arteras presiones!! Pagan o los  hundimos!,Mon Mar 18 02:55:05 +0000 2019,,False
183137,"Mauricio Macri: ""Mi padre era parte de un sistema extorsivo del kirchnerismo en que para trabajar hab√≠a que pagar.‚Ä¶ https://t.co/MT6oFTD8Oa",Mon Mar 18 03:48:27 +0000 2019,https://twitter.com/i/web/status/1107488911775985664,False
193599,"""Es un delito lo que hizo mi padre, √©l era parte de un sistema extorsivo del kirchnerismo en el que para trabajar h‚Ä¶ https://t.co/53gkDrmmOp",Mon Mar 18 09:18:28 +0000 2019,https://twitter.com/i/web/status/1107571963420180480,False
194051,"‚ÄúEs un delito lo que hizo mi padre, √©l era parte de un sistema extorsivo del kirchnerismo en el que para trabajar h‚Ä¶ https://t.co/dXv3fjsuGx",Mon Mar 18 09:37:45 +0000 2019,https://twitter.com/i/web/status/1107576817303633921,False
194091,"Las frases de Macri:
‚Äú√âl (Franco Macri) era parte de un sistema que se vio extorsionado por el kirchnerismo. Es un‚Ä¶ https://t.co/OwCBZDKVOY",Mon Mar 18 09:35:53 +0000 2019,https://twitter.com/i/web/status/1107576347503800320,False
194155,"Macri: ""Mi padre en la √©poca del kirchnerismo para trabajar ten√≠a que pagar"". O sea que Franco era un raro empresar‚Ä¶ https://t.co/OUe7AQTOw3",Mon Mar 18 09:33:07 +0000 2019,https://twitter.com/i/web/status/1107575650603417600,False
194247,si se√±or sistema extorsivo hecho por el kirchnerismo donde sino pagaba coimas no trabajaba digame fernandez cuando‚Ä¶ https://t.co/1qmu8ulfcg,Mon Mar 18 09:40:48 +0000 2019,https://twitter.com/i/web/status/1107577584890580992,False
195526,"El pelotudo dice que durante el kirchnerismo hab√≠a que pagar para trabajar.
Dos cosas:
Ahora, ni pagando.
Con raz√≥n‚Ä¶ https://t.co/60gO0k3XOm",Mon Mar 18 10:21:26 +0000 2019,https://twitter.com/i/web/status/1107587811723612160,False
197598,@alferdez No seas tan duro el vil Kirchnerismo lo obligaban a pagar para trabajar. Y Mauricio lo oblig√≥ a darle la‚Ä¶ https://t.co/6k8Q6x52Yb,Mon Mar 18 11:10:41 +0000 2019,https://twitter.com/i/web/status/1107600205866827777,False
199511,Mauricio Macri sobre su padre: ‚Äú√âl era parte de un sistema extorsivo del kirchnerismo en el que para trabajar hab√≠a‚Ä¶ https://t.co/k1TBt7irPG,Mon Mar 18 11:47:35 +0000 2019,https://twitter.com/i/web/status/1107609491141550080,False
199616,Mi pap√° tuvo que coimear para poder trabajar por culpa de la extorsi√≥n del kirchnerismo incluso antes de la existencia del Kirchnerismo.,Mon Mar 18 11:53:18 +0000 2019,,False
199902,"Es un delito lo que hizo mi padre, √©l era parte de un sistema extorsivo del kirchnerismo en el que para trabajar hab√≠a que pagar""
MM",Mon Mar 18 12:03:14 +0000 2019,,False
201203,"""Es un delito lo que hizo mi padre, √©l era parte de un sistema extorsivo del kirchnerismo en el que para trabajar h‚Ä¶ https://t.co/B5Rp6CncQO",Mon Mar 18 12:23:16 +0000 2019,https://twitter.com/i/web/status/1107618468277485568,False
202015,@jlespert El kirchnerismo cobraba peaje para las empresas que trabajaban con el estado. Es eso,Mon Mar 18 12:35:06 +0000 2019,,False
203272,"@rialjorge MORENA RIAL Lo que hizo mi padre era un delito, √©l formaba parte de un sistema  extorsivo del kirchnerismo.",Mon Mar 18 12:53:28 +0000 2019,,False
203750,Mauricio Macri sobre su padre: ‚Äú√âl era parte de un sistema extorsivo del kirchnerismo en el que para trabajar hab√≠a‚Ä¶ https://t.co/YsU2XOokJc,Mon Mar 18 13:05:04 +0000 2019,https://twitter.com/i/web/status/1107628988443344897,False
205929,"Sobre Franco Macri lleg√≥ a decir que era ""parte de un sistema que se vio extorsionado por el kirchnerismo"". Total p‚Ä¶ https://t.co/KJEQf0CFGh",Mon Mar 18 13:32:26 +0000 2019,https://twitter.com/i/web/status/1107635876136435713,False
207796,"""Mi padre era parte de un sistema extorsivo del kirchnerismo en que para trabajar hab√≠a que pagar. Es un delito lo‚Ä¶ https://t.co/vTHDaeKdVT",Mon Mar 18 14:06:35 +0000 2019,https://twitter.com/i/web/status/1107644470567292929,False
209437,"""Es un delito lo que hizo mi padre, √©l era parte de un sistema extorsivo del kirchnerismo en el q para trabajar hab‚Ä¶ https://t.co/EPn8nNBoxr",Mon Mar 18 14:24:59 +0000 2019,https://twitter.com/i/web/status/1107649099824795648,False
217569,"""Es un delito lo que hizo mi padre, √©l era parte de un sistema extorsivo del kirchnerismo en el que para trabajar h‚Ä¶ https://t.co/x4HJDrob2m",Mon Mar 18 16:06:35 +0000 2019,https://twitter.com/i/web/status/1107674670860521472,False
218100,"""Es un delito lo que hizo mi padre, √©l era parte de un sistema extorsivo del kirchnerismo en el que para trabajar h‚Ä¶ https://t.co/7VqY89IWzu",Mon Mar 18 16:12:22 +0000 2019,https://twitter.com/i/web/status/1107676125520715776,False
231731,Mauricio Macri sobre su padre: ‚Äú√âl era parte de un sistema extorsivo del kirchnerismo en el que para trabajar hab√≠a‚Ä¶ https://t.co/CtRupN2IFB,Mon Mar 18 19:05:06 +0000 2019,https://twitter.com/i/web/status/1107719592753934336,False
260522,‚Äú√âl (Franco Macri) era parte de un sistema que se vio extorsionado por el kirchnerismo. Es un delito que cada uno s‚Ä¶ https://t.co/61DLHRSG5k,Tue Mar 19 00:49:33 +0000 2019,https://twitter.com/i/web/status/1107806277214842884,False
290743,"El kirchnerismo no rompi√≥ con el FMI, le pag√≥ todo y al contado, plantea @IsmaelBermudez1 en @DePrimeraManoOK por la 97.7 @sgoperez",Tue Mar 19 11:29:56 +0000 2019,,False
299472,"Dice Echarri que tener dinero le genera culpa. Mientras lo cobraba del kirchnerismo le pareci√≥ re piola
#BuenMartes",Tue Mar 19 13:59:20 +0000 2019,,False
405808,@dgguerrero Pues a pesar del paso de los a√±os hoy cuesta casi lo mismo,Wed Mar 20 18:20:59 +0000 2019,,False
579895,Macri sobre el padre: ‚Äúera parte de un sistema extorsivo del kirchnerismo en el que para trabajar hab√≠a que pagar‚Äù‚Ä¶ https://t.co/6t4AVXeWgB,Fri Mar 22 17:18:29 +0000 2019,https://twitter.com/i/web/status/1109142315304656896,False
579951,@mauriciomacri Derechos humanos con impuestos alt√≠simos para mantener a una casta de in√∫tiles.,Fri Mar 22 17:17:48 +0000 2019,,False
603853,@mauriciomacri Compensar a empresarios millonarios de luz gas y peaje amigos tuyos cuesta mucho m√°s,Fri Mar 22 22:37:33 +0000 2019,,False
605087,"@mauriciomacri Es un derecho humano,y nos cobran como si fuera oro.",Fri Mar 22 22:45:37 +0000 2019,,False
607721,@mauriciomacri Cuesta todo una fortuna por los sueldos innecesarios que les pagamos a todos los cuerpos de representantes(vos incluido),Fri Mar 22 23:23:32 +0000 2019,,False
639112,"@mauriciomacri Coincido, tambi√©n cuesta una fortuna mantener todo el aparato pol√≠tico de las c√°maras. ¬øpropone cambiar el sistema?",Sat Mar 23 09:51:51 +0000 2019,,False
643310,"@mauriciomacri Nos gobierna el FMI, es decir que pagarles el sueldo a Uds fue un costo INUTIL",Sat Mar 23 12:17:01 +0000 2019,,False
648429,@mauriciomacri Y a nosotros nos cuesta darle todos los meses lo que nos roban por el impuesto a las ganancias de nuestro sueldos.,Sat Mar 23 13:57:33 +0000 2019,,False
685808,@jmdarg @mauriciomacri Caro es que todo su gobierno cobre sueldo por hacer lo que dice el FMI.,Sat Mar 23 22:52:48 +0000 2019,,False
816298,"@mauriciomacri Nos est√° matando a impuestos,es una verg√ºenza lo q hizo con la clase obrera y con la media q lo voto.",Mon Mar 25 15:25:15 +0000 2019,,False
885448,"@DBI1956 @mauriciomacri @PEPE1ARGENTO El costo es alt√≠simo por todos los funcionarios, asesores y vagos que hay que mantener!!!! Chorros!!",Tue Mar 26 05:03:31 +0000 2019,,False
70623,@WalhallaMann esta mal la econom√≠a de muchos pero bueno ese es el precio a uno paga por el robo a existi√≥  y alguna‚Ä¶ https://t.co/ubrJTS0X6n,Tue Mar 05 12:34:00 +0000 2019,https://twitter.com/i/web/status/1102910127345229824,False
94741,@HectorTrace @LANACION Pagandole sueldos a toda la caterva de vagos que contrato el kirchnerismo.,Tue Mar 05 18:36:40 +0000 2019,,False
272856,"Con el kirchnerismo los trabajadores pagaban ganancias, con el macrismo hay ofertas en milanesas",Thu Mar 07 15:42:47 +0000 2019,,False
273337,"@AnaMariaPiro2 @mauriciomacri Todo caro, porque los sueldos son muy bajos,  pag√°s las tarifas y...",Thu Mar 07 15:54:06 +0000 2019,,False
315532,@epeoficial @mauriciomacri @MiguelLifschitz uno se la pasa trabajando p pagar los impuestos q muy caros ya son...p‚Ä¶ https://t.co/C2Ticr9Wor,Fri Mar 08 00:13:29 +0000 2019,https://twitter.com/i/web/status/1103810933921665024,False
365161,"@MAprovCordoba Con eso te est√°n diciendo , queremos cobrar igual . Es hora de @mauriciomacri renuncie .",Fri Mar 08 16:04:04 +0000 2019,,False
408677,@mauriciomacri As√≠ nos alivias de impuestos a la sociedad. Mejor q le pague una empresa por un trabajo real y contr‚Ä¶ https://t.co/mPVYpxoy8K,Sat Mar 09 02:39:13 +0000 2019,https://twitter.com/i/web/status/1104209998635327489,False
413063,@mauriciomacri Paguen una sola vez a los trabajan. Denle trabajo. Trabajo. No emple√≥ p√∫blico,Sat Mar 09 03:41:27 +0000 2019,,False
483906,"@mauriciomacri En todos los gobiernos siempre, pagamos los que nos sacrificamos trabajando pagando las locuras de E‚Ä¶ https://t.co/bCrxLHHKst",Sun Mar 10 02:19:05 +0000 2019,https://twitter.com/i/web/status/1104567318141644802,False
510435,"Lo que pas√≥ realmente es que deb√≠an pagar el sonido y el escenario, supuestamente los sindicatos iban a cubrir eso‚Ä¶ https://t.co/ViZFjwLK9f",Sun Mar 10 14:36:02 +0000 2019,https://twitter.com/i/web/status/1104752777174097920,False
550175,@PeladoEsta Encima creo esa gente cobra un sueldo en el club..... calculo. Altas mierdas. Una mala tarde noche ya paso,Sun Mar 10 23:20:59 +0000 2019,,False
590313,"@Vladi_VillegasP Mantenimiento, la di√°spora de personal calificado ya que les pagan una miseria y de paso el robo de la empresa",Mon Mar 11 11:43:58 +0000 2019,,False
671502,@LANACION Se acordaron de pagarle el sueldo al empleado de ustedes. Porque es un neoliberal enrolado traicioneramen‚Ä¶ https://t.co/y5KIex2BBb,Tue Mar 12 04:14:44 +0000 2019,https://twitter.com/i/web/status/1105321199482085383,False
683003,@Tronquito75 @mauriciomacri Los sindicatos que tienen delegados y adscritos fuera de funciones y obligan a pagar al empleador,Tue Mar 12 10:48:38 +0000 2019,,False
752800,@mauriciomacri Mercado Libre cobra unas comisiones terribles que perjudica a los vendedores y emprendedores.,Wed Mar 13 01:31:13 +0000 2019,,False
807088,@Gracemazzola Por trabajar dicen que cobran una cantidad justificada y de paso con eso pagan su estad√≠a y gastos. Algo as√≠ deciab,Wed Mar 13 17:38:32 +0000 2019,,False
811136,@LANACION @mauriciomacri Malos impuestos son los tarifazos a los trabajadores,Wed Mar 13 18:27:45 +0000 2019,,False
889009,@ElectrikalStorm @apuestomatias @mauriciomacri Una verg√ºenza y nos siguen apretando cada vez m√°s con impuestos para mantener vagos.,Thu Mar 14 15:04:32 +0000 2019,,False
926330,"@carolmarcesm @ElTioMamo Si se volvi√≥ un capitalista extremo y va a cobrar, paso y si no va a cobrar, tambi√©n paso",Thu Mar 14 23:49:57 +0000 2019,,False
953582,"No s√© porqu√© algunas personas dicen que trabajar en starbucks es pesado o muy esclavisado, yo trabajo en uno y me l‚Ä¶ https://t.co/KZPi0DGgTB",Fri Mar 15 06:32:03 +0000 2019,https://twitter.com/i/web/status/1106442919781646340,False
971712,En la era @mauriciomacri ser trabajador con un sueldo digno y con derechos es el insulto m√°s grande para estos tipos,Fri Mar 15 14:28:20 +0000 2019,,False
982680,@Ag93Renzo Lo que pas√≥ es que se enter√≥ que cobra m√°s que √©l,Fri Mar 15 16:49:08 +0000 2019,,False
983166,"@el1nformat1c0 Es lo que hay ,paso de pagar precios abusivos",Fri Mar 15 16:54:37 +0000 2019,,False
986049,@CaroStanley @mauriciomacri De eso no hay dudas. Y lo apoyamos . El tema de subsidios y planes sin futuro es responsabilidad suya Sra.,Fri Mar 15 17:32:58 +0000 2019,,False
32833,"@MarioOlea2000 Claro, la coima la paga un empresario extorsionado por un funcionario inescrupuloso, peronista en la mayor√≠a de los casos.",Tue Mar 19 00:32:32 +0000 2019,,False
37174,"@claudiosavoia Empleado y sindicalista, que cobra del Estado como servidor p√∫blico,complica la vida ciudadana e inc‚Ä¶ https://t.co/kqtZnfbJm5",Thu Mar 21 10:40:05 +0000 2019,https://twitter.com/i/web/status/1108679667446366208,False
54338,@SeptimoRuggiero @HartoDeOperetas @frigeriorogelio P√°guele m√°s a su empleado.....No muestre la miserabilidad peronista.,Sat Mar 30 15:44:22 +0000 2019,,False
178447,@Mr_Roberto09 A veces hay q dar un paso d fe y pagaba mucho jaja,Sun Mar 03 16:16:41 +0000 2019,,False
226531,"El Cine Futurama de Lindavista  era un √©xito, pas√≥ a manos del gobierno y ahora ahi no hay nada, los empleados  cobran sin hacer nada",Mon Mar 04 10:17:25 +0000 2019,,False
616852,"Lo que pas√≥ realmente es que deb√≠an pagar el sonido y el escenario, supuestamente los sindicatos iban a cubrir eso‚Ä¶ https://t.co/ViZFjwLK9f",Sun Mar 10 14:36:02 +0000 2019,https://twitter.com/i/web/status/1104752777174097920,False
645284,@PeladoEsta Encima creo esa gente cobra un sueldo en el club..... calculo. Altas mierdas. Una mala tarde noche ya paso,Sun Mar 10 23:20:59 +0000 2019,,False
674560,"@Vladi_VillegasP Mantenimiento, la di√°spora de personal calificado ya que les pagan una miseria y de paso el robo de la empresa",Mon Mar 11 11:43:58 +0000 2019,,False
823177,@Gracemazzola Por trabajar dicen que cobran una cantidad justificada y de paso con eso pagan su estad√≠a y gastos. Algo as√≠ deciab,Wed Mar 13 17:38:32 +0000 2019,,False
910370,"@carolmarcesm @ElTioMamo Si se volvi√≥ un capitalista extremo y va a cobrar, paso y si no va a cobrar, tambi√©n paso",Thu Mar 14 23:49:57 +0000 2019,,False
950782,@Ag93Renzo Lo que pas√≥ es que se enter√≥ que cobra m√°s que √©l,Fri Mar 15 16:49:08 +0000 2019,,False
951118,"@el1nformat1c0 Es lo que hay ,paso de pagar precios abusivos",Fri Mar 15 16:54:37 +0000 2019,,False
964499,@TSiHonduras Es la realidad por el abuso de los sindicatos que solo piden y piden y de paso los malos administradores,Fri Mar 15 21:10:53 +0000 2019,,False
15100,@todonoticias Macri dijo que para trabajar el la √©poca k hab√≠a que pagar cometas y eso era un delito  aunque no hab√≠a mucha opci√≥n!,Fri Mar 22 03:34:22 +0000 2019,,False
38191,Macri sobre el padre: ‚Äúera parte de un sistema extorsivo del kirchnerismo en el que para trabajar hab√≠a que pagar‚Äù‚Ä¶ https://t.co/6t4AVXeWgB,Fri Mar 22 17:18:29 +0000 2019,https://twitter.com/i/web/status/1109142315304656896,False
171674,"@altocandombe Porque los de CFK eran vagos y cobraban sin laburar, por eso eran felices obreros (?)",Mon Mar 25 21:55:20 +0000 2019,,False
181943,"@viejoanarquist1 Uno trabaja por plata porque tiene la tremenda deuda con el fisco
El otro trabajando por un cupo p‚Ä¶ https://t.co/fglmp9hohn",Tue Mar 26 02:19:03 +0000 2019,https://twitter.com/i/web/status/1110365516659638272,False
235461,@elancasti y si los Kirchner se robaron algo parecido o m√°s y el despilfarro con tarifas de servicios ahora hay q pagar,Wed Mar 27 12:04:00 +0000 2019,,False
369699,"@martinidemar Lo s√°dico es que ser aut√≥nomo sea pagar menos impuestos que ser cuenta ajena.Cuanto m√°s se pagan las pensiones con impuestos,+",Sat Mar 30 08:51:24 +0000 2019,,False
456300,@NosTapoElAgua Me est√°n pasando ! No me pagan ! Estoy decepcionado... Dicen que el kirchnerismo pagaba muy bien...,Sat Mar 02 19:31:35 +0000 2019,,False
458067,@HectorTrace @LANACION Pagandole sueldos a toda la caterva de vagos que contrato el kirchnerismo.,Tue Mar 05 18:36:40 +0000 2019,,False
459421,"Con el kirchnerismo los trabajadores pagaban ganancias, con el macrismo hay ofertas en milanesas",Thu Mar 07 15:42:47 +0000 2019,,False
469081,"- Nos vemos ma√±ana?
- Lo que hizo mi padre era un delito, √©l formaba parte de un sistema extorsivo del kirchnerismo.",Sun Mar 17 22:30:10 +0000 2019,,False
469104,"Macri dijo que su padre ""era parte de un sistema extorsivo del kirchnerismo en el que para trabajar hab√≠a que pagar‚Ä¶ https://t.co/rz8mesl7wV",Sun Mar 17 22:41:03 +0000 2019,https://twitter.com/i/web/status/1107411551424786438,False
469139,"""Es un delito lo que hizo mi padre, √©l era parte de un sistema extorsivo del kirchnerismo en el que para trabajar h‚Ä¶ https://t.co/j7BhE4veDE",Sun Mar 17 22:54:27 +0000 2019,https://twitter.com/i/web/status/1107414926509903872,True
469155,"ÀÆEs un delito lo que hizo mi padre, √©l era parte de un sistema extorsivo del kirchnerismo en el que para trabajar h‚Ä¶ https://t.co/QBsAFyMd5Y",Sun Mar 17 22:57:10 +0000 2019,https://twitter.com/i/web/status/1107415606377222144,False
469449,@plusnoticias @rialjorge SEVEL fue extorsionado por el kirchnerismo ? ü§£,Mon Mar 18 01:32:01 +0000 2019,,False
469526,"""√âl (Franco Macri) era parte de un sistema que se vio extorsionado por el kirchnerismo. Es un delito que cada uno s‚Ä¶ https://t.co/1e7fnoZf00",Mon Mar 18 02:58:49 +0000 2019,https://twitter.com/i/web/status/1107476421881020416,False
469528,"Ja ja Miserable, dijo q hab√≠a un sistema implementado por el kirchnerismo por el cual si no pagabas no trabajabas.‚Ä¶ https://t.co/nIM0DBgUUm",Mon Mar 18 02:58:03 +0000 2019,https://twitter.com/i/web/status/1107476228309692417,False
469531,@santosjorgeh @gmasf1 El Kirchnerismo someti√≥ a todos los empresarios a pagar coimas bajo arteras presiones!! Pagan o los  hundimos!,Mon Mar 18 02:55:05 +0000 2019,,False
469582,"Mauricio Macri: ""Mi padre era parte de un sistema extorsivo del kirchnerismo en que para trabajar hab√≠a que pagar.‚Ä¶ https://t.co/MT6oFTD8Oa",Mon Mar 18 03:48:27 +0000 2019,https://twitter.com/i/web/status/1107488911775985664,False
469682,"""Es un delito lo que hizo mi padre, √©l era parte de un sistema extorsivo del kirchnerismo en el que para trabajar h‚Ä¶ https://t.co/53gkDrmmOp",Mon Mar 18 09:18:28 +0000 2019,https://twitter.com/i/web/status/1107571963420180480,False
469690,"‚ÄúEs un delito lo que hizo mi padre, √©l era parte de un sistema extorsivo del kirchnerismo en el que para trabajar h‚Ä¶ https://t.co/dXv3fjsuGx",Mon Mar 18 09:37:45 +0000 2019,https://twitter.com/i/web/status/1107576817303633921,False
469692,"Las frases de Macri:
‚Äú√âl (Franco Macri) era parte de un sistema que se vio extorsionado por el kirchnerismo. Es un‚Ä¶ https://t.co/OwCBZDKVOY",Mon Mar 18 09:35:53 +0000 2019,https://twitter.com/i/web/status/1107576347503800320,False
469693,"Macri: ""Mi padre en la √©poca del kirchnerismo para trabajar ten√≠a que pagar"". O sea que Franco era un raro empresar‚Ä¶ https://t.co/OUe7AQTOw3",Mon Mar 18 09:33:07 +0000 2019,https://twitter.com/i/web/status/1107575650603417600,False
469696,si se√±or sistema extorsivo hecho por el kirchnerismo donde sino pagaba coimas no trabajaba digame fernandez cuando‚Ä¶ https://t.co/1qmu8ulfcg,Mon Mar 18 09:40:48 +0000 2019,https://twitter.com/i/web/status/1107577584890580992,False
469733,"El pelotudo dice que durante el kirchnerismo hab√≠a que pagar para trabajar.
Dos cosas:
Ahora, ni pagando.
Con raz√≥n‚Ä¶ https://t.co/60gO0k3XOm",Mon Mar 18 10:21:26 +0000 2019,https://twitter.com/i/web/status/1107587811723612160,False
469815,@alferdez No seas tan duro el vil Kirchnerismo lo obligaban a pagar para trabajar. Y Mauricio lo oblig√≥ a darle la‚Ä¶ https://t.co/6k8Q6x52Yb,Mon Mar 18 11:10:41 +0000 2019,https://twitter.com/i/web/status/1107600205866827777,False
469868,Mauricio Macri sobre su padre: ‚Äú√âl era parte de un sistema extorsivo del kirchnerismo en el que para trabajar hab√≠a‚Ä¶ https://t.co/k1TBt7irPG,Mon Mar 18 11:47:35 +0000 2019,https://twitter.com/i/web/status/1107609491141550080,False
469872,Mi pap√° tuvo que coimear para poder trabajar por culpa de la extorsi√≥n del kirchnerismo incluso antes de la existencia del Kirchnerismo.,Mon Mar 18 11:53:18 +0000 2019,,False
469880,"Es un delito lo que hizo mi padre, √©l era parte de un sistema extorsivo del kirchnerismo en el que para trabajar hab√≠a que pagar""
MM",Mon Mar 18 12:03:14 +0000 2019,,False
469924,"""Es un delito lo que hizo mi padre, √©l era parte de un sistema extorsivo del kirchnerismo en el que para trabajar h‚Ä¶ https://t.co/B5Rp6CncQO",Mon Mar 18 12:23:16 +0000 2019,https://twitter.com/i/web/status/1107618468277485568,False
469942,@jlespert El kirchnerismo cobraba peaje para las empresas que trabajaban con el estado. Es eso,Mon Mar 18 12:35:06 +0000 2019,,False
469977,"@rialjorge MORENA RIAL Lo que hizo mi padre era un delito, √©l formaba parte de un sistema  extorsivo del kirchnerismo.",Mon Mar 18 12:53:28 +0000 2019,,False
469991,Mauricio Macri sobre su padre: ‚Äú√âl era parte de un sistema extorsivo del kirchnerismo en el que para trabajar hab√≠a‚Ä¶ https://t.co/YsU2XOokJc,Mon Mar 18 13:05:04 +0000 2019,https://twitter.com/i/web/status/1107628988443344897,False
470036,"Sobre Franco Macri lleg√≥ a decir que era ""parte de un sistema que se vio extorsionado por el kirchnerismo"". Total p‚Ä¶ https://t.co/KJEQf0CFGh",Mon Mar 18 13:32:26 +0000 2019,https://twitter.com/i/web/status/1107635876136435713,False
470063,"""Mi padre era parte de un sistema extorsivo del kirchnerismo en que para trabajar hab√≠a que pagar. Es un delito lo‚Ä¶ https://t.co/vTHDaeKdVT",Mon Mar 18 14:06:35 +0000 2019,https://twitter.com/i/web/status/1107644470567292929,False
470094,"""Es un delito lo que hizo mi padre, √©l era parte de un sistema extorsivo del kirchnerismo en el q para trabajar hab‚Ä¶ https://t.co/EPn8nNBoxr",Mon Mar 18 14:24:59 +0000 2019,https://twitter.com/i/web/status/1107649099824795648,False
470230,"""Es un delito lo que hizo mi padre, √©l era parte de un sistema extorsivo del kirchnerismo en el que para trabajar h‚Ä¶ https://t.co/x4HJDrob2m",Mon Mar 18 16:06:35 +0000 2019,https://twitter.com/i/web/status/1107674670860521472,False
470238,"""Es un delito lo que hizo mi padre, √©l era parte de un sistema extorsivo del kirchnerismo en el que para trabajar h‚Ä¶ https://t.co/7VqY89IWzu",Mon Mar 18 16:12:22 +0000 2019,https://twitter.com/i/web/status/1107676125520715776,False
470423,Mauricio Macri sobre su padre: ‚Äú√âl era parte de un sistema extorsivo del kirchnerismo en el que para trabajar hab√≠a‚Ä¶ https://t.co/CtRupN2IFB,Mon Mar 18 19:05:06 +0000 2019,https://twitter.com/i/web/status/1107719592753934336,False
470685,‚Äú√âl (Franco Macri) era parte de un sistema que se vio extorsionado por el kirchnerismo. Es un delito que cada uno s‚Ä¶ https://t.co/61DLHRSG5k,Tue Mar 19 00:49:33 +0000 2019,https://twitter.com/i/web/status/1107806277214842884,False
470946,"El kirchnerismo no rompi√≥ con el FMI, le pag√≥ todo y al contado, plantea @IsmaelBermudez1 en @DePrimeraManoOK por la 97.7 @sgoperez",Tue Mar 19 11:29:56 +0000 2019,,False
471072,"Dice Echarri que tener dinero le genera culpa. Mientras lo cobraba del kirchnerismo le pareci√≥ re piola
#BuenMartes",Tue Mar 19 13:59:20 +0000 2019,,False
473633,Macri sobre el padre: ‚Äúera parte de un sistema extorsivo del kirchnerismo en el que para trabajar hab√≠a que pagar‚Äù‚Ä¶ https://t.co/6t4AVXeWgB,Fri Mar 22 17:18:29 +0000 2019,https://twitter.com/i/web/status/1109142315304656896,False
477868,"Mi padre era parte de un sistema extorsivo del kirchnerismo en el que para trabajar hab√≠a que pagar.
Ahora ante la‚Ä¶ https://t.co/p1tVkOyUCO",Wed Mar 27 17:29:13 +0000 2019,https://twitter.com/i/web/status/1110956956829798400,False
591728,"@MatyBenitezSP viv√≠an de paro por que scioli no les aumentaba el sueldo algo que en la actualidad sigue pasando, no‚Ä¶ https://t.co/DBDbKOCITB",Fri Mar 08 21:40:37 +0000 2019,https://twitter.com/i/web/status/1104134854126510080,False
617606,"Con el kirchnerismo los trabajadores pagaban ganancias, con el macrismo hay ofertas en milanesas",Thu Mar 07 15:42:47 +0000 2019,,False
621514,"@Neretvi @Hyspasia es parte del macrismo victimizarse deicendo ""bueno pagamos coimas, pero nos obligaban""",Sun Mar 17 23:24:54 +0000 2019,,False
657555,"Amo que macri diga ""por lo que trabajamos"", si el infeliz nunca trabajo en su vida",Fri Mar 01 18:37:49 +0000 2019,,False
663985,"#Presimiente
#HayOtroCamino
#1M  

No es un fantasia ganar un buen sueldo, es algo muy justo. Macri te rebajo el sueldo.",Fri Mar 01 23:13:55 +0000 2019,,False
767212,"macri en la fabrica, los trabajadores no paga sueldos al menos",Sun Mar 10 04:43:08 +0000 2019,,False
780485,"@WingEzker Dif√≠cil que le guste, en ¬®Dinamarca macri tendr√≠a que pagar impuestos. . .",Mon Mar 11 15:07:59 +0000 2019,,False
810780,Yo s√© que uno por dinero y mejores condiciones laborales puede llegar a hacer cualquier cosa pero ABRAZAR A MACRI mmmm vs desis.,Thu Mar 14 15:02:40 +0000 2019,,False
837676,"Macri dijo que su padre ""era parte de un sistema extorsivo del kirchnerismo en el que para trabajar hab√≠a que pagar‚Ä¶ https://t.co/rz8mesl7wV",Sun Mar 17 22:41:03 +0000 2019,https://twitter.com/i/web/status/1107411551424786438,False
841920,"Mauricio Macri en #LaCornisa: ""Mi padre era parte de un sistema extorsivo del kirchnerismo en que para trabajar hab‚Ä¶ https://t.co/p0Ogkbhtb6",Mon Mar 18 01:51:19 +0000 2019,https://twitter.com/i/web/status/1107459434199027713,False
843233,"""√âl (Franco Macri) era parte de un sistema que se vio extorsionado por el kirchnerismo. Es un delito que cada uno s‚Ä¶ https://t.co/1e7fnoZf00",Mon Mar 18 02:58:49 +0000 2019,https://twitter.com/i/web/status/1107476421881020416,False
843872,"Mauricio Macri: ""Mi padre era parte de un sistema extorsivo del kirchnerismo en que para trabajar hab√≠a que pagar.‚Ä¶ https://t.co/MT6oFTD8Oa",Mon Mar 18 03:48:27 +0000 2019,https://twitter.com/i/web/status/1107488911775985664,False
845195,"Macri: ""Mi padre en la √©poca del kirchnerismo para trabajar ten√≠a que pagar"". O sea que Franco era un raro empresar‚Ä¶ https://t.co/OUe7AQTOw3",Mon Mar 18 09:33:07 +0000 2019,https://twitter.com/i/web/status/1107575650603417600,False
845206,"Las frases de Macri:
‚Äú√âl (Franco Macri) era parte de un sistema que se vio extorsionado por el kirchnerismo. Es un‚Ä¶ https://t.co/OwCBZDKVOY",Mon Mar 18 09:35:53 +0000 2019,https://twitter.com/i/web/status/1107576347503800320,False
846343,"Acabo de leer que Macri declar√≥ que su padre fue extorsionado por el kisnerismo "" para poder trabajar hab√≠a que pag‚Ä¶ https://t.co/D9pHU70xFg",Mon Mar 18 11:26:36 +0000 2019,https://twitter.com/i/web/status/1107604209522888704,False
846664,Mauricio Macri sobre su padre: ‚Äú√âl era parte de un sistema extorsivo del kirchnerismo en el que para trabajar hab√≠a‚Ä¶ https://t.co/k1TBt7irPG,Mon Mar 18 11:47:35 +0000 2019,https://twitter.com/i/web/status/1107609491141550080,False
847879,Mauricio Macri sobre su padre: ‚Äú√âl era parte de un sistema extorsivo del kirchnerismo en el que para trabajar hab√≠a‚Ä¶ https://t.co/YsU2XOokJc,Mon Mar 18 13:05:04 +0000 2019,https://twitter.com/i/web/status/1107628988443344897,False
848430,"Sobre Franco Macri lleg√≥ a decir que era ""parte de un sistema que se vio extorsionado por el kirchnerismo"". Total p‚Ä¶ https://t.co/KJEQf0CFGh",Mon Mar 18 13:32:26 +0000 2019,https://twitter.com/i/web/status/1107635876136435713,False
853489,Mauricio Macri sobre su padre: ‚Äú√âl era parte de un sistema extorsivo del kirchnerismo en el que para trabajar hab√≠a‚Ä¶ https://t.co/CtRupN2IFB,Mon Mar 18 19:05:06 +0000 2019,https://twitter.com/i/web/status/1107719592753934336,False
855168,Dice @RLavagna que Macri tiene miles de trolls que pagamos todos nosotros. Soy trol de Macri pero no cobro un centavo,Mon Mar 18 21:14:19 +0000 2019,,False
858077,‚Äú√âl (Franco Macri) era parte de un sistema que se vio extorsionado por el kirchnerismo. Es un delito que cada uno s‚Ä¶ https://t.co/61DLHRSG5k,Tue Mar 19 00:49:33 +0000 2019,https://twitter.com/i/web/status/1107806277214842884,False
864181,Yo que Macri convoc√≥ a Jorge Rial para cualquier cosa. Le pag√≥ un sueldo irrechazable y luego lo expongo.,Tue Mar 19 15:21:51 +0000 2019,,False
874436,"@A24COM , Che mangas de fachos y voceros del r√©gimen, nosotros le pagamos al corrupto y ladr√≥n de Macri y no hace nada x la gran mayor√≠a",Wed Mar 20 14:40:19 +0000 2019,,False
892064,@todonoticias Macri dijo que para trabajar el la √©poca k hab√≠a que pagar cometas y eso era un delito  aunque no hab√≠a mucha opci√≥n!,Fri Mar 22 03:34:22 +0000 2019,,False
897183,Macri sobre el padre: ‚Äúera parte de un sistema extorsivo del kirchnerismo en el que para trabajar hab√≠a que pagar‚Äù‚Ä¶ https://t.co/6t4AVXeWgB,Fri Mar 22 17:18:29 +0000 2019,https://twitter.com/i/web/status/1109142315304656896,False
16062,"@NicolasMaduro Nos quitaron las primas y ajustes que nos beneficiaban, que pas√≥ presidente el sueldo est√° desmejorado",Sat Mar 16 19:39:15 +0000 2019,,False
251464,@dgguerrero Pues a pesar del paso de los a√±os hoy cuesta casi lo mismo,Wed Mar 20 18:20:59 +0000 2019,,False
773301,"@cucutze Hay tipos que se dedican a eso, hace unos a√±os le pas√≥ a un compa√±ero de trabajo, tambi√©n tuvo que pagar comisi√≥n",Fri Mar 29 01:28:40 +0000 2019,,False
12200,@cucumelo21 Terror del.jornalismo d q los gdores del pj pierdan en sus prov,Tue Mar 05 00:27:02 +0000 2019,,False
140744,"@carod2015 La ""clase empresaria"" es parte del problema.
Nos quejamos de los altos impuestos, de lo gremios, de la J‚Ä¶ https://t.co/upulGdua2Z",Wed Mar 13 20:17:58 +0000 2019,https://twitter.com/i/web/status/1105925991061442560,False
580927,@CaroStanley @mauriciomacri Controla lo q pagas porque la plata es de los pocos que pagamos impuestos,Fri Mar 01 18:15:24 +0000 2019,,False
584722,"@TotyFlores @mauriciomacri Claro TOTY, pero como hacemos, demosle trabajo para que su dinero sea DIGNO",Fri Mar 01 20:52:10 +0000 2019,,False
586925,"@rialjorge @mauriciomacri Laburando, recibiendo dinero solo por el trabajo honesto, en blanco, pagando todos los impuestos, etc",Fri Mar 01 22:34:04 +0000 2019,,False
619469,@estebanoscar4 @mauriciomacri Debes cobrar planes sociales o un currito de los que laburamos todos los d√≠as. Mierda. Basura. Mantenido,Sun Mar 03 12:55:44 +0000 2019,,False
632491,@calu0266 @mauriciomacri tenemos1pais endeudado y no hay como pagar xq todas las empresas como lpetrolera la arruinaron eso es el socialismo,Sun Mar 03 22:35:13 +0000 2019,,False
654738,"@AnaMariaPiro2 @mauriciomacri Todo caro, porque los sueldos son muy bajos,  pag√°s las tarifas y...",Thu Mar 07 15:54:06 +0000 2019,,False
658593,@epeoficial @mauriciomacri @MiguelLifschitz uno se la pasa trabajando p pagar los impuestos q muy caros ya son...p‚Ä¶ https://t.co/C2Ticr9Wor,Fri Mar 08 00:13:29 +0000 2019,https://twitter.com/i/web/status/1103810933921665024,False
661466,"@MAprovCordoba Con eso te est√°n diciendo , queremos cobrar igual . Es hora de @mauriciomacri renuncie .",Fri Mar 08 16:04:04 +0000 2019,,False
663702,@mauriciomacri As√≠ nos alivias de impuestos a la sociedad. Mejor q le pague una empresa por un trabajo real y contr‚Ä¶ https://t.co/mPVYpxoy8K,Sat Mar 09 02:39:13 +0000 2019,https://twitter.com/i/web/status/1104209998635327489,False
663904,@mauriciomacri Paguen una sola vez a los trabajan. Denle trabajo. Trabajo. No emple√≥ p√∫blico,Sat Mar 09 03:41:27 +0000 2019,,False
668061,"@mauriciomacri En todos los gobiernos siempre, pagamos los que nos sacrificamos trabajando pagando las locuras de E‚Ä¶ https://t.co/bCrxLHHKst",Sun Mar 10 02:19:05 +0000 2019,https://twitter.com/i/web/status/1104567318141644802,False
679030,@Tronquito75 @mauriciomacri Los sindicatos que tienen delegados y adscritos fuera de funciones y obligan a pagar al empleador,Tue Mar 12 10:48:38 +0000 2019,,False
685822,@mauriciomacri Mercado Libre cobra unas comisiones terribles que perjudica a los vendedores y emprendedores.,Wed Mar 13 01:31:13 +0000 2019,,False
691104,@LANACION @mauriciomacri Malos impuestos son los tarifazos a los trabajadores,Wed Mar 13 18:27:45 +0000 2019,,False
696368,@ElectrikalStorm @apuestomatias @mauriciomacri Una verg√ºenza y nos siguen apretando cada vez m√°s con impuestos para mantener vagos.,Thu Mar 14 15:04:32 +0000 2019,,False
702372,En la era @mauriciomacri ser trabajador con un sueldo digno y con derechos es el insulto m√°s grande para estos tipos,Fri Mar 15 14:28:20 +0000 2019,,False
703799,@CaroStanley @mauriciomacri De eso no hay dudas. Y lo apoyamos . El tema de subsidios y planes sin futuro es responsabilidad suya Sra.,Fri Mar 15 17:32:58 +0000 2019,,False
755329,@mauriciomacri Derechos humanos con impuestos alt√≠simos para mantener a una casta de in√∫tiles.,Fri Mar 22 17:17:48 +0000 2019,,False
758165,@mauriciomacri Compensar a empresarios millonarios de luz gas y peaje amigos tuyos cuesta mucho m√°s,Fri Mar 22 22:37:33 +0000 2019,,False
758410,"@mauriciomacri Es un derecho humano,y nos cobran como si fuera oro.",Fri Mar 22 22:45:37 +0000 2019,,False
758842,@mauriciomacri Cuesta todo una fortuna por los sueldos innecesarios que les pagamos a todos los cuerpos de representantes(vos incluido),Fri Mar 22 23:23:32 +0000 2019,,False
761703,"@mauriciomacri Coincido, tambi√©n cuesta una fortuna mantener todo el aparato pol√≠tico de las c√°maras. ¬øpropone cambiar el sistema?",Sat Mar 23 09:51:51 +0000 2019,,False
762208,"@mauriciomacri Nos gobierna el FMI, es decir que pagarles el sueldo a Uds fue un costo INUTIL",Sat Mar 23 12:17:01 +0000 2019,,False
762815,@mauriciomacri Y a nosotros nos cuesta darle todos los meses lo que nos roban por el impuesto a las ganancias de nuestro sueldos.,Sat Mar 23 13:57:33 +0000 2019,,False
765802,@jmdarg @mauriciomacri Caro es que todo su gobierno cobre sueldo por hacer lo que dice el FMI.,Sat Mar 23 22:52:48 +0000 2019,,False
773554,"@mauriciomacri Nos est√° matando a impuestos,es una verg√ºenza lo q hizo con la clase obrera y con la media q lo voto.",Mon Mar 25 15:25:15 +0000 2019,,False
778823,"@DBI1956 @mauriciomacri @PEPE1ARGENTO El costo es alt√≠simo por todos los funcionarios, asesores y vagos que hay que mantener!!!! Chorros!!",Tue Mar 26 05:03:31 +0000 2019,,False
961681,"@diariotiemposur Entonces paga los sueldos en una sola vez y da el aumento adecuado 
Lacras k delincuentes k y peronchos lacras",Tue Mar 05 22:53:38 +0000 2019,,False
980398,"Los globeros del grupo laboral de wapp viven puteando al gremio porque el sueldo est√° cada vez m√°s devaluado, pero‚Ä¶ https://t.co/Ux6obhTEJN",Wed Mar 06 14:55:11 +0000 2019,https://twitter.com/i/web/status/1103308046443401216,False
66164,@mauriciomacri Paguen una sola vez a los trabajan. Denle trabajo. Trabajo. No emple√≥ p√∫blico,Sat Mar 09 03:41:27 +0000 2019,,False
148075,"@koolk_1976 Caro,al final pagaron el sueldo en una sola vez por suerte.Trabajo ah√≠.Pero seguro fue por lo del d√≥lar‚Ä¶ https://t.co/PXpH5stldz",Tue Mar 12 01:58:10 +0000 2019,https://twitter.com/i/web/status/1105286829920665600,False
195802,"@monvalpa Ingenieros que han lucrado con los fondos y las multas a grandes empresas.
Le cobraban o rebajaban y de a‚Ä¶ https://t.co/zgaem2MkSC",Wed Mar 13 18:56:34 +0000 2019,https://twitter.com/i/web/status/1105905507628474368,False
430108,@AlanGarciaPeru Se redujo por que la plata llega sola. No interesaba el sueldo,Thu Mar 21 16:20:59 +0000 2019,,False
454504,@AlanGarciaPeru Se redujo el sueldo por que sabe que la plata llega sola. Plop,Fri Mar 22 12:24:25 +0000 2019,,False
510110,"@dccolectivo Debemos estar todos unidos como una sola familia ,en la lucha
por un salario digno.",Sun Mar 24 12:29:14 +0000 2019,,False
756418,"Macri dijo que su padre ""era parte de un sistema extorsivo del kirchnerismo en el que para trabajar hab√≠a que pagar‚Ä¶ https://t.co/rz8mesl7wV",Sun Mar 17 22:41:03 +0000 2019,https://twitter.com/i/web/status/1107411551424786438,False
756446,"""Es un delito lo que hizo mi padre, √©l era parte de un sistema extorsivo del kirchnerismo en el que para trabajar h‚Ä¶ https://t.co/j7BhE4veDE",Sun Mar 17 22:54:27 +0000 2019,https://twitter.com/i/web/status/1107414926509903872,True
756456,"ÀÆEs un delito lo que hizo mi padre, √©l era parte de un sistema extorsivo del kirchnerismo en el que para trabajar h‚Ä¶ https://t.co/QBsAFyMd5Y",Sun Mar 17 22:57:10 +0000 2019,https://twitter.com/i/web/status/1107415606377222144,False
756715,"""Es un delito lo que hizo mi padre, √©l era parte de un sistema extorsivo del kirchnerismo en el que para trabajar h‚Ä¶ https://t.co/ODjvffaglo",Mon Mar 18 01:05:05 +0000 2019,https://twitter.com/i/web/status/1107447798709010432,True
756778,"Mauricio Macri en #LaCornisa: ""Mi padre era parte de un sistema extorsivo del kirchnerismo en que para trabajar hab‚Ä¶ https://t.co/p0Ogkbhtb6",Mon Mar 18 01:51:19 +0000 2019,https://twitter.com/i/web/status/1107459434199027713,False
756789,"""Es un delito lo que hizo mi padre, √©l era parte de un sistema extorsivo del kirchnerismo en el que para trabajar h‚Ä¶ https://t.co/PAvKoZueou",Mon Mar 18 01:47:21 +0000 2019,https://twitter.com/i/web/status/1107458435325538304,False
756892,"""√âl (Franco Macri) era parte de un sistema que se vio extorsionado por el kirchnerismo. Es un delito que cada uno s‚Ä¶ https://t.co/1e7fnoZf00",Mon Mar 18 02:58:49 +0000 2019,https://twitter.com/i/web/status/1107476421881020416,False
756955,"Mauricio Macri: ""Mi padre era parte de un sistema extorsivo del kirchnerismo en que para trabajar hab√≠a que pagar.‚Ä¶ https://t.co/MT6oFTD8Oa",Mon Mar 18 03:48:27 +0000 2019,https://twitter.com/i/web/status/1107488911775985664,False
757104,"Macri: ""Mi padre en la √©poca del kirchnerismo para trabajar ten√≠a que pagar"". O sea que Franco era un raro empresar‚Ä¶ https://t.co/OUe7AQTOw3",Mon Mar 18 09:33:07 +0000 2019,https://twitter.com/i/web/status/1107575650603417600,False
757105,"‚ÄúEs un delito lo que hizo mi padre, √©l era parte de un sistema extorsivo del kirchnerismo en el que para trabajar h‚Ä¶ https://t.co/dXv3fjsuGx",Mon Mar 18 09:37:45 +0000 2019,https://twitter.com/i/web/status/1107576817303633921,False
757107,"Las frases de Macri:
‚Äú√âl (Franco Macri) era parte de un sistema que se vio extorsionado por el kirchnerismo. Es un‚Ä¶ https://t.co/OwCBZDKVOY",Mon Mar 18 09:35:53 +0000 2019,https://twitter.com/i/web/status/1107576347503800320,False
757333,Mauricio Macri sobre su padre: ‚Äú√âl era parte de un sistema extorsivo del kirchnerismo en el que para trabajar hab√≠a‚Ä¶ https://t.co/k1TBt7irPG,Mon Mar 18 11:47:35 +0000 2019,https://twitter.com/i/web/status/1107609491141550080,False
757494,Mauricio Macri sobre su padre: ‚Äú√âl era parte de un sistema extorsivo del kirchnerismo en el que para trabajar hab√≠a‚Ä¶ https://t.co/YsU2XOokJc,Mon Mar 18 13:05:04 +0000 2019,https://twitter.com/i/web/status/1107628988443344897,False
757557,"Sobre Franco Macri lleg√≥ a decir que era ""parte de un sistema que se vio extorsionado por el kirchnerismo"". Total p‚Ä¶ https://t.co/KJEQf0CFGh",Mon Mar 18 13:32:26 +0000 2019,https://twitter.com/i/web/status/1107635876136435713,False
757813,"""Es un delito lo que hizo mi padre, √©l era parte de un sistema extorsivo del kirchnerismo en el que para trabajar h‚Ä¶ https://t.co/x4HJDrob2m",Mon Mar 18 16:06:35 +0000 2019,https://twitter.com/i/web/status/1107674670860521472,False
757826,"""Es un delito lo que hizo mi padre, √©l era parte de un sistema extorsivo del kirchnerismo en el que para trabajar h‚Ä¶ https://t.co/7VqY89IWzu",Mon Mar 18 16:12:22 +0000 2019,https://twitter.com/i/web/status/1107676125520715776,False
758309,Mauricio Macri sobre su padre: ‚Äú√âl era parte de un sistema extorsivo del kirchnerismo en el que para trabajar hab√≠a‚Ä¶ https://t.co/CtRupN2IFB,Mon Mar 18 19:05:06 +0000 2019,https://twitter.com/i/web/status/1107719592753934336,False
758953,‚Äú√âl (Franco Macri) era parte de un sistema que se vio extorsionado por el kirchnerismo. Es un delito que cada uno s‚Ä¶ https://t.co/61DLHRSG5k,Tue Mar 19 00:49:33 +0000 2019,https://twitter.com/i/web/status/1107806277214842884,False
766109,Macri sobre el padre: ‚Äúera parte de un sistema extorsivo del kirchnerismo en el que para trabajar hab√≠a que pagar‚Äù‚Ä¶ https://t.co/6t4AVXeWgB,Fri Mar 22 17:18:29 +0000 2019,https://twitter.com/i/web/status/1109142315304656896,False
773287,@elancasti y si los Kirchner se robaron algo parecido o m√°s y el despilfarro con tarifas de servicios ahora hay q pagar,Wed Mar 27 12:04:00 +0000 2019,,False
780337,Etchebest dice ser extorsionado y la verdad es un extorsionador. Trabaj√≥ y se dedic√≥ toda su vida a eso. Ten√≠a 1 of‚Ä¶ https://t.co/XwNCo2ZUXE,Sat Mar 02 22:21:00 +0000 2019,https://twitter.com/i/web/status/1101970687189749760,False
807540,"ÀÆEs un delito lo que hizo mi padre, √©l era parte de un sistema extorsivo del kirchnerismo en el que para trabajar h‚Ä¶ https://t.co/QBsAFyMd5Y",Sun Mar 17 22:57:10 +0000 2019,https://twitter.com/i/web/status/1107415606377222144,False
807544,"""Es un delito lo que hizo mi padre, √©l era parte de un sistema extorsivo del kirchnerismo en el que para trabajar h‚Ä¶ https://t.co/j7BhE4veDE",Sun Mar 17 22:54:27 +0000 2019,https://twitter.com/i/web/status/1107414926509903872,True
807753,"""Es un delito lo que hizo mi padre, √©l era parte de un sistema extorsivo del kirchnerismo en el que para trabajar h‚Ä¶ https://t.co/5JZPcIejjk",Mon Mar 18 01:06:04 +0000 2019,https://twitter.com/i/web/status/1107448046135185409,False
807754,"""Es un delito lo que hizo mi padre, √©l era parte de un sistema extorsivo del kirchnerismo en el que para trabajar h‚Ä¶ https://t.co/ODjvffaglo",Mon Mar 18 01:05:05 +0000 2019,https://twitter.com/i/web/status/1107447798709010432,True
808113,"‚ÄúEs un delito lo que hizo mi padre, √©l era parte de un sistema extorsivo del kirchnerismo en el que para trabajar h‚Ä¶ https://t.co/dXv3fjsuGx",Mon Mar 18 09:37:45 +0000 2019,https://twitter.com/i/web/status/1107576817303633921,False
826786,@elancasti y si los Kirchner se robaron algo parecido o m√°s y el despilfarro con tarifas de servicios ahora hay q pagar,Wed Mar 27 12:04:00 +0000 2019,,False
880923,"@mauriciomacri En todos los gobiernos siempre, pagamos los que nos sacrificamos trabajando pagando las locuras de E‚Ä¶ https://t.co/bCrxLHHKst",Sun Mar 10 02:19:05 +0000 2019,https://twitter.com/i/web/status/1104567318141644802,False
980622,#BuenMiercoles Cambiemos favorece a los exportadores y a los bancos son los que d√≠a a d√≠a se llevan nuestro salario?,Wed Mar 27 12:23:45 +0000 2019,,False
991030,@OrwellGeorge Puede ser pero es necesario. Cambiemos no tiene reglas de funcionamiento interno y se debe entender cu√°l es el costo de eso.,Fri Mar 29 12:00:49 +0000 2019,,False
17331,"Mi padre era parte de un sistema extorsivo del kirchnerismo en el que para trabajar hab√≠a que pagar.
Ahora ante la‚Ä¶ https://t.co/p1tVkOyUCO",Wed Mar 27 17:29:13 +0000 2019,https://twitter.com/i/web/status/1110956956829798400,False
149294,"@cucutze Hay tipos que se dedican a eso, hace unos a√±os le pas√≥ a un compa√±ero de trabajo, tambi√©n tuvo que pagar comisi√≥n",Fri Mar 29 01:28:40 +0000 2019,,False
549781,"La crisis por Gasto Publico tmb es por el peronismo que se colgaron cientos de camporas piketeros, cobrarian como empleados.",Sun Mar 31 01:48:31 +0000 2019,,False
552151,Electricaribe es una empresa extranjera que cobra cifras irrisorias por un servicio paup√©rrimo. Son unos ladrones y‚Ä¶ https://t.co/KSAyIn6gzb,Sun Mar 31 02:25:29 +0000 2019,https://twitter.com/i/web/status/1112179075282624513,False
877719,"@veroloren Yo tambi√©n pero todo comenz√≥ con CFK, su inflaci√≥n,el cepo y los ""independientes"" que nos quedamos sin trabajo pues sela llevaban",Sat Mar 02 11:37:40 +0000 2019,,False
1012597,"@altocandombe Porque los de CFK eran vagos y cobraban sin laburar, por eso eran felices obreros (?)",Mon Mar 25 21:55:20 +0000 2019,,False
1094551,"La crisis por Gasto Publico tmb es por el peronismo que se colgaron cientos de camporas piketeros, cobrarian como empleados.",Sun Mar 31 01:48:31 +0000 2019,,False
36791,"Amo que macri diga ""por lo que trabajamos"", si el infeliz nunca trabajo en su vida",Fri Mar 01 18:37:49 +0000 2019,,False
46279,"#Presimiente
#HayOtroCamino
#1M  

No es un fantasia ganar un buen sueldo, es algo muy justo. Macri te rebajo el sueldo.",Fri Mar 01 23:13:55 +0000 2019,,False
91492,"o sea todo bien con que cobres por tu trabajo, GENIAL, pero un plomero me quer√≠a cobrar 700pe para regular el cosit‚Ä¶ https://t.co/VnPK5st7OP",Sun Mar 03 16:27:59 +0000 2019,https://twitter.com/i/web/status/1102244237817593856,False
133956,"@aacerbi Estamos hace d√©cadas sometidos al robo de la patria contratista,al fraude de la estatizaci√≥n de las deudas‚Ä¶ https://t.co/fTF5mP5M1l",Thu Mar 07 02:34:09 +0000 2019,https://twitter.com/i/web/status/1103483948448079877,False
166450,"macri en la fabrica, los trabajadores no paga sueldos al menos",Sun Mar 10 04:43:08 +0000 2019,,False
182156,"@WingEzker Dif√≠cil que le guste, en ¬®Dinamarca macri tendr√≠a que pagar impuestos. . .",Mon Mar 11 15:07:59 +0000 2019,,False
191386,@LANACION Se acordaron de pagarle el sueldo al empleado de ustedes. Porque es un neoliberal enrolado traicioneramen‚Ä¶ https://t.co/y5KIex2BBb,Tue Mar 12 04:14:44 +0000 2019,https://twitter.com/i/web/status/1105321199482085383,False
218734,Yo s√© que uno por dinero y mejores condiciones laborales puede llegar a hacer cualquier cosa pero ABRAZAR A MACRI mmmm vs desis.,Thu Mar 14 15:02:40 +0000 2019,,False
222395,@LANACION Es por el stress que le gener√≥ ser gerente! Manejar un hotel en estos tiempos de Macri the cat es muy duro!,Thu Mar 14 20:10:47 +0000 2019,,False
252657,"Macri dijo que su padre ""era parte de un sistema extorsivo del kirchnerismo en el que para trabajar hab√≠a que pagar‚Ä¶ https://t.co/rz8mesl7wV",Sun Mar 17 22:41:03 +0000 2019,https://twitter.com/i/web/status/1107411551424786438,False
252754,"ÀÆEs un delito lo que hizo mi padre, √©l era parte de un sistema extorsivo del kirchnerismo en el que para trabajar h‚Ä¶ https://t.co/QBsAFyMd5Y",Sun Mar 17 22:57:10 +0000 2019,https://twitter.com/i/web/status/1107415606377222144,False
252782,"""Es un delito lo que hizo mi padre, √©l era parte de un sistema extorsivo del kirchnerismo en el que para trabajar h‚Ä¶ https://t.co/j7BhE4veDE",Sun Mar 17 22:54:27 +0000 2019,https://twitter.com/i/web/status/1107414926509903872,True
256654,"""Es un delito lo que hizo mi padre, √©l era parte de un sistema extorsivo del kirchnerismo en el que para trabajar h‚Ä¶ https://t.co/5JZPcIejjk",Mon Mar 18 01:06:04 +0000 2019,https://twitter.com/i/web/status/1107448046135185409,False
256707,"""Es un delito lo que hizo mi padre, √©l era parte de un sistema extorsivo del kirchnerismo en el que para trabajar h‚Ä¶ https://t.co/ODjvffaglo",Mon Mar 18 01:05:05 +0000 2019,https://twitter.com/i/web/status/1107447798709010432,True
257811,"""Es un delito lo que hizo mi padre, √©l era parte de un sistema extorsivo del kirchnerismo en el que para trabajar h‚Ä¶ https://t.co/PAvKoZueou",Mon Mar 18 01:47:21 +0000 2019,https://twitter.com/i/web/status/1107458435325538304,False
258117,"Mauricio Macri en #LaCornisa: ""Mi padre era parte de un sistema extorsivo del kirchnerismo en que para trabajar hab‚Ä¶ https://t.co/p0Ogkbhtb6",Mon Mar 18 01:51:19 +0000 2019,https://twitter.com/i/web/status/1107459434199027713,False
259404,"""√âl (Franco Macri) era parte de un sistema que se vio extorsionado por el kirchnerismo. Es un delito que cada uno s‚Ä¶ https://t.co/1e7fnoZf00",Mon Mar 18 02:58:49 +0000 2019,https://twitter.com/i/web/status/1107476421881020416,False
260273,"Mauricio Macri: ""Mi padre era parte de un sistema extorsivo del kirchnerismo en que para trabajar hab√≠a que pagar.‚Ä¶ https://t.co/MT6oFTD8Oa",Mon Mar 18 03:48:27 +0000 2019,https://twitter.com/i/web/status/1107488911775985664,False
261736,"Las frases de Macri:
‚Äú√âl (Franco Macri) era parte de un sistema que se vio extorsionado por el kirchnerismo. Es un‚Ä¶ https://t.co/OwCBZDKVOY",Mon Mar 18 09:35:53 +0000 2019,https://twitter.com/i/web/status/1107576347503800320,False
261762,"Macri: ""Mi padre en la √©poca del kirchnerismo para trabajar ten√≠a que pagar"". O sea que Franco era un raro empresar‚Ä¶ https://t.co/OUe7AQTOw3",Mon Mar 18 09:33:07 +0000 2019,https://twitter.com/i/web/status/1107575650603417600,False
261784,"‚ÄúEs un delito lo que hizo mi padre, √©l era parte de un sistema extorsivo del kirchnerismo en el que para trabajar h‚Ä¶ https://t.co/dXv3fjsuGx",Mon Mar 18 09:37:45 +0000 2019,https://twitter.com/i/web/status/1107576817303633921,False
262966,"Acabo de leer que Macri declar√≥ que su padre fue extorsionado por el kisnerismo "" para poder trabajar hab√≠a que pag‚Ä¶ https://t.co/D9pHU70xFg",Mon Mar 18 11:26:36 +0000 2019,https://twitter.com/i/web/status/1107604209522888704,False
263276,Mauricio Macri sobre su padre: ‚Äú√âl era parte de un sistema extorsivo del kirchnerismo en el que para trabajar hab√≠a‚Ä¶ https://t.co/k1TBt7irPG,Mon Mar 18 11:47:35 +0000 2019,https://twitter.com/i/web/status/1107609491141550080,False
264801,Mauricio Macri sobre su padre: ‚Äú√âl era parte de un sistema extorsivo del kirchnerismo en el que para trabajar hab√≠a‚Ä¶ https://t.co/YsU2XOokJc,Mon Mar 18 13:05:04 +0000 2019,https://twitter.com/i/web/status/1107628988443344897,False
265387,"Sobre Franco Macri lleg√≥ a decir que era ""parte de un sistema que se vio extorsionado por el kirchnerismo"". Total p‚Ä¶ https://t.co/KJEQf0CFGh",Mon Mar 18 13:32:26 +0000 2019,https://twitter.com/i/web/status/1107635876136435713,False
268227,"""Es un delito lo que hizo mi padre, √©l era parte de un sistema extorsivo del kirchnerismo en el que para trabajar h‚Ä¶ https://t.co/x4HJDrob2m",Mon Mar 18 16:06:35 +0000 2019,https://twitter.com/i/web/status/1107674670860521472,False
268402,"""Es un delito lo que hizo mi padre, √©l era parte de un sistema extorsivo del kirchnerismo en el que para trabajar h‚Ä¶ https://t.co/7VqY89IWzu",Mon Mar 18 16:12:22 +0000 2019,https://twitter.com/i/web/status/1107676125520715776,False
271180,Mauricio Macri sobre su padre: ‚Äú√âl era parte de un sistema extorsivo del kirchnerismo en el que para trabajar hab√≠a‚Ä¶ https://t.co/CtRupN2IFB,Mon Mar 18 19:05:06 +0000 2019,https://twitter.com/i/web/status/1107719592753934336,False
273208,Dice @RLavagna que Macri tiene miles de trolls que pagamos todos nosotros. Soy trol de Macri pero no cobro un centavo,Mon Mar 18 21:14:19 +0000 2019,,False
276551,‚Äú√âl (Franco Macri) era parte de un sistema que se vio extorsionado por el kirchnerismo. Es un delito que cada uno s‚Ä¶ https://t.co/61DLHRSG5k,Tue Mar 19 00:49:33 +0000 2019,https://twitter.com/i/web/status/1107806277214842884,False
283541,Yo que Macri convoc√≥ a Jorge Rial para cualquier cosa. Le pag√≥ un sueldo irrechazable y luego lo expongo.,Tue Mar 19 15:21:51 +0000 2019,,False
295624,"@A24COM , Che mangas de fachos y voceros del r√©gimen, nosotros le pagamos al corrupto y ladr√≥n de Macri y no hace nada x la gran mayor√≠a",Wed Mar 20 14:40:19 +0000 2019,,False
317244,@todonoticias Macri dijo que para trabajar el la √©poca k hab√≠a que pagar cometas y eso era un delito  aunque no hab√≠a mucha opci√≥n!,Fri Mar 22 03:34:22 +0000 2019,,False
323555,Macri sobre el padre: ‚Äúera parte de un sistema extorsivo del kirchnerismo en el que para trabajar hab√≠a que pagar‚Äù‚Ä¶ https://t.co/6t4AVXeWgB,Fri Mar 22 17:18:29 +0000 2019,https://twitter.com/i/web/status/1109142315304656896,False
456109,@Andres_Reig Afecta a trabajadores m√°s pobres y a familias contratantes m√°s pobres.El resto ya pagaba y cobraba m√°s.,Sat Mar 02 07:48:39 +0000 2019,,False
665364,"@martinidemar Lo s√°dico es que ser aut√≥nomo sea pagar menos impuestos que ser cuenta ajena.Cuanto m√°s se pagan las pensiones con impuestos,+",Sat Mar 30 08:51:24 +0000 2019,,False
729288,@CaroStanley @mauriciomacri Controla lo q pagas porque la plata es de los pocos que pagamos impuestos,Fri Mar 01 18:15:24 +0000 2019,,False
740569,"@TotyFlores @mauriciomacri Claro TOTY, pero como hacemos, demosle trabajo para que su dinero sea DIGNO",Fri Mar 01 20:52:10 +0000 2019,,False
747789,"@rialjorge @mauriciomacri Laburando, recibiendo dinero solo por el trabajo honesto, en blanco, pagando todos los impuestos, etc",Fri Mar 01 22:34:04 +0000 2019,,False
826442,@NosTapoElAgua Me est√°n pasando ! No me pagan ! Estoy decepcionado... Dicen que el kirchnerismo pagaba muy bien...,Sat Mar 02 19:31:35 +0000 2019,,False
885560,@estebanoscar4 @mauriciomacri Debes cobrar planes sociales o un currito de los que laburamos todos los d√≠as. Mierda. Basura. Mantenido,Sun Mar 03 12:55:44 +0000 2019,,False
899616,@Mr_Roberto09 A veces hay q dar un paso d fe y pagaba mucho jaja,Sun Mar 03 16:16:41 +0000 2019,,False
933774,@calu0266 @mauriciomacri tenemos1pais endeudado y no hay como pagar xq todas las empresas como lpetrolera la arruinaron eso es el socialismo,Sun Mar 03 22:35:13 +0000 2019,,False
974733,"El Cine Futurama de Lindavista  era un √©xito, pas√≥ a manos del gobierno y ahora ahi no hay nada, los empleados  cobran sin hacer nada",Mon Mar 04 10:17:25 +0000 2019,,False
